"","AUC1","AUC5","AUCtot","TPR1","TPR5","d","m","md","plotMD"
"1",0.0822126116071428,0.154506485429993,0.552333195936598,0.121651785714286,0.213169642857143,10000,3,"plain","m=3 d=10k"
"2",0.198228236607143,0.325518057036248,0.713935574229652,0.270089285714286,0.422991071428571,1e+06,3,"plain","m=3 d=1M"
"3",0.213253348214286,0.28176361496091,0.591627414415143,0.24609375,0.335379464285714,10000,10,"plain","m=10 d=10k"
"4",0.447837611607143,0.533626510305614,0.793533156933677,0.5,0.598772321428571,1e+06,10,"plain","m=10 d=1M"
