"","AUC1","AUC5","AUCtot","strata","plotMD"
"97",0.77159639711506,0.837865724209731,0.968014948033539,1,"m=20 d=250k"
"76",0.883665629194954,0.93328109962695,0.990579458383087,1,"m=50 d=100k"
"43",0.623238653331849,0.731325706221657,0.93474991554616,1,"m=10 d=500k"
"28",0.401580325335516,0.530248594021822,0.860105849816074,1,"m=5 d=1M"
"98",0.0753022296234228,0.161068291834801,0.687998190224647,2,"m=20 d=250k"
"77",0.151586129452768,0.32430981615008,0.776685684656758,2,"m=50 d=100k"
"44",0.0634034045328027,0.145942716759065,0.648037253786447,2,"m=10 d=500k"
"29",0.0355573708648285,0.0841003274297849,0.577788927562659,2,"m=5 d=1M"
"99",0.0071665991452249,0.0372462751169515,0.499788739287709,3,"m=20 d=250k"
"78",0.0122655211653934,0.0602907714893352,0.522810298998661,3,"m=50 d=100k"
"45",0.0123392241072492,0.040961153562701,0.502447303331394,3,"m=10 d=500k"
"30",0.00830100112164161,0.031444397115493,0.483056949252577,3,"m=5 d=1M"
