"","AUC1","AUC5","AUCtot","TPR1","TPR5","d","m","md","plotMD"
"1",0.0138113839285714,0.0530550373134328,0.506492965065746,0.0279017857142857,0.08984375,10000,3,"plain","m=3 d=10k"
"2",0.0358816964285714,0.120127598614073,0.591284061092779,0.0747767857142857,0.190290178571429,1e+06,3,"plain","m=3 d=1M"
"3",0.0519949776785715,0.113025830668088,0.540101285767435,0.0731026785714286,0.165178571428571,10000,10,"plain","m=10 d=10k"
"4",0.13349609375,0.235757595948828,0.687556648450567,0.180803571428571,0.330357142857143,1e+06,10,"plain","m=10 d=1M"
