"","AUC1","AUC5","AUCtot","TPR1","TPR5","d","m","md","plotMD"
"1",NA,NA,0.461111111111111,0.05,0.05,5e+05,3,"plain","m=3 d=500k"
"2",NA,NA,0.594444444444444,0.15,0.15,1e+06,3,"plain","m=3 d=1M"
"3",NA,NA,0.477777777777778,0.15,0.15,5e+06,3,"plain","m=3 d=5M"
"4",NA,NA,0.477777777777778,0.05,0.05,1e+07,3,"plain","m=3 d=10M"
"5",NA,NA,0.444444444444444,0.15,0.15,5e+05,5,"plain","m=5 d=500k"
"6",NA,NA,0.594444444444444,0.15,0.15,1e+06,5,"bold","m=5 d=1M"
"7",NA,NA,0.4,0,0,5e+06,5,"plain","m=5 d=5M"
"8",NA,NA,0.466666666666667,0.05,0.05,1e+07,5,"bold","m=5 d=10M"
"9",NA,NA,0.455555555555555,0,0,5e+05,10,"bold","m=10 d=500k"
"10",NA,NA,0.416666666666667,0,0,1e+06,10,"plain","m=10 d=1M"
"11",NA,NA,0.45,0.1,0.1,5e+06,10,"bold","m=10 d=5M"
"12",NA,NA,0.511111111111111,0.05,0.05,1e+07,10,"plain","m=10 d=10M"
"13",NA,NA,0.561111111111111,0.05,0.05,5e+05,30,"plain","m=30 d=500k"
"14",NA,NA,0.483333333333333,0.15,0.15,1e+06,30,"plain","m=30 d=1M"
"15",NA,NA,0.527777777777778,0.1,0.1,5e+06,30,"plain","m=30 d=5M"
"16",NA,NA,0.683333333333333,0.2,0.2,1e+07,30,"plain","m=30 d=10M"
"17",NA,NA,0.572222222222222,0.25,0.25,5e+05,50,"plain","m=50 d=500k"
"18",NA,NA,0.622222222222222,0.1,0.1,1e+06,50,"bold","m=50 d=1M"
"19",NA,NA,0.65,0.2,0.2,5e+06,50,"plain","m=50 d=5M"
"20",NA,NA,0.661111111111111,0.3,0.3,1e+07,50,"plain","m=50 d=10M"
"21",NA,NA,0.55,0.25,0.25,2e+05,15,"plain","m=15 d=200k"
"22",NA,NA,0.422222222222222,0.1,0.1,5e+05,6,"plain","m=6 d=500k"
"23",NA,NA,0.533333333333333,0.2,0.2,250000,20,"bold","m=20 d=250k"
