"","AUC1","AUC5","AUCtot","strata","plotMD"
"94",0.00370048124307288,0.0194814041290551,0.491630227554808,1,"m=6, d=500 k"
"91",0.00703257433453979,0.0343824500540918,0.501129175770942,1,"m=15, d=200 k"
"58",0.0059049260729933,0.0361006484917134,0.488187973591167,1,"m=30, d=100 k"
"10",0.00457152496626181,0.0228567390321122,0.487561705310398,1,"m=3, d=1 M"
"95",0.0212538521716271,0.0773121796505537,0.596404916898109,2,"m=6, d=500 k"
"92",0.0492896742896743,0.137096426570111,0.655916154630177,2,"m=15, d=200 k"
"59",0.115001816671857,0.2401012313987,0.745915833878769,2,"m=30, d=100 k"
"11",0.00796038953933691,0.0373958731202412,0.539330335360802,2,"m=3, d=1 M"
"96",0.297940155083012,0.495670540656876,0.877823380080457,3,"m=6, d=500 k"
"93",0.586073950204386,0.697061205455189,0.924012774957959,3,"m=15, d=200 k"
"60",0.761314314824248,0.854059803331326,0.961730120498089,3,"m=30, d=100 k"
"12",0.0200646237231603,0.140168591181385,0.747910448268129,3,"m=3, d=1 M"
