"","AUC1","AUC5","AUCtot","strata","plotMD"
"79",0.395481969866284,0.554921980335925,0.880047706559256,1,"m=6 d=500k"
"76",0.687494741074889,0.804579483429629,0.964570432740265,1,"m=15 d=200k"
"49",0.863434611592833,0.922299858709553,0.990031846688095,1,"m=30 d=100k"
"10",0.124574889156863,0.300562899164877,0.790938428711124,1,"m=3 d=1M"
"80",0.0434753027600577,0.109968434177019,0.616331940373331,2,"m=6 d=500k"
"77",0.0951454441123156,0.21668211658928,0.722130180342322,2,"m=15 d=200k"
"50",0.246971862911838,0.373031614471639,0.797589791560111,2,"m=30 d=100k"
"11",0.0152076326605392,0.0636324395943349,0.583435136833143,2,"m=3 d=1M"
"81",0.00986526383570525,0.0374263705419613,0.50500967717872,3,"m=6 d=500k"
"78",0.00706202062322695,0.0368735237384881,0.540762526189272,3,"m=15 d=200k"
"51",0.00696269853625472,0.0446842329908874,0.566410969521985,3,"m=30 d=100k"
"12",0.00396020582390256,0.0264202497725819,0.514104611235069,3,"m=3 d=1M"
